term	module
AcceptActionUsage	SysML/Systems/Actions
AcceptActionUsage_payloadArgument	SysML/Systems/Actions
AcceptActionUsage_payloadParameter	SysML/Systems/Actions
AcceptActionUsage_receiverArgument	SysML/Systems/Actions
ActionDefinition	SysML/Systems/Actions
ActionDefinition_action	SysML/Systems/Actions
ActionUsage	SysML/Systems/Actions
ActionUsage_actionDefinition	SysML/Systems/Actions
ActorMembership	SysML/Systems/Requirements
ActorMembership_ownedActorParameter	SysML/Systems/Requirements
AllocationDefinition	SysML/Systems/Allocations
AllocationDefinition_allocation	SysML/Systems/Allocations
AllocationUsage	SysML/Systems/Allocations
AllocationUsage_allocationDefinition	SysML/Systems/Allocations
AnalysisCaseDefinition	SysML/Systems/AnalysisCases
AnalysisCaseDefinition_resultExpression	SysML/Systems/AnalysisCases
AnalysisCaseUsage	SysML/Systems/AnalysisCases
AnalysisCaseUsage_analysisCaseDefinition	SysML/Systems/AnalysisCases
AnalysisCaseUsage_resultExpression	SysML/Systems/AnalysisCases
AnnotatingElement	KerML/Root/Annotations
AnnotatingElement_annotatedElement	KerML/Root/Annotations
AnnotatingElement_annotation	KerML/Root/Annotations
AnnotatingElement_ownedAnnotatingRelationship	KerML/Root/Annotations
Annotation	KerML/Root/Annotations
Annotation_annotatedElement	KerML/Root/Annotations
Annotation_annotatingElement	KerML/Root/Annotations
Annotation_owningAnnotatedElement	KerML/Root/Annotations
Annotation_owningAnnotatingElement	KerML/Root/Annotations
AssertConstraintUsage	SysML/Systems/Constraints
AssertConstraintUsage_assertedConstraint	SysML/Systems/Constraints
AssignmentActionUsage	SysML/Systems/Actions
AssignmentActionUsage_referent	SysML/Systems/Actions
AssignmentActionUsage_targetArgument	SysML/Systems/Actions
AssignmentActionUsage_valueExpression	SysML/Systems/Actions
Association	KerML/Kernel/Associations
AssociationStructure	KerML/Kernel/Associations
Association_associationEnd	KerML/Kernel/Associations
Association_relatedType	KerML/Kernel/Associations
Association_sourceType	KerML/Kernel/Associations
Association_targetType	KerML/Kernel/Associations
AttributeDefinition	SysML/Systems/Attributes
AttributeUsage	SysML/Systems/Attributes
AttributeUsage_attributeDefinition	SysML/Systems/Attributes
Behavior	KerML/Kernel/Behaviors
Behavior_parameter	KerML/Kernel/Behaviors
Behavior_step	KerML/Kernel/Behaviors
BindingConnector	KerML/Kernel/Connectors
BindingConnectorAsUsage	SysML/Systems/Connections
BooleanExpression	KerML/Kernel/Functions
BooleanExpression_predicate	KerML/Kernel/Functions
CalculationDefinition	SysML/Systems/Calculations
CalculationDefinition_calculation	SysML/Systems/Calculations
CalculationUsage	SysML/Systems/Calculations
CalculationUsage_calculationDefinition	SysML/Systems/Calculations
CaseDefinition	SysML/Systems/Cases
CaseDefinition_actorParameter	SysML/Systems/Cases
CaseDefinition_objectiveRequirement	SysML/Systems/Cases
CaseDefinition_subjectParameter	SysML/Systems/Cases
CaseUsage	SysML/Systems/Cases
CaseUsage_actorParameter	SysML/Systems/Cases
CaseUsage_caseDefinition	SysML/Systems/Cases
CaseUsage_objectiveRequirement	SysML/Systems/Cases
CaseUsage_subjectParameter	SysML/Systems/Cases
Class	KerML/Kernel/Classes
Classifier	KerML/Core/Classifiers
Classifier_ownedSubclassification	KerML/Core/Classifiers
CollectExpression	KerML/Kernel/Expressions
Comment	KerML/Root/Annotations
Comment_body	KerML/Root/Annotations
Comment_locale	KerML/Root/Annotations
ConcernDefinition	SysML/Systems/Requirements
ConcernUsage	SysML/Systems/Requirements
ConcernUsage_concernDefinition	SysML/Systems/Requirements
ConjugatedPortDefinition	SysML/Systems/Ports
ConjugatedPortDefinition_originalPortDefinition	SysML/Systems/Ports
ConjugatedPortDefinition_ownedPortConjugator	SysML/Systems/Ports
ConjugatedPortTyping	SysML/Systems/Ports
ConjugatedPortTyping_conjugatedPortDefinition	SysML/Systems/Ports
ConjugatedPortTyping_portDefinition	SysML/Systems/Ports
Conjugation	KerML/Core/Types
Conjugation_conjugatedType	KerML/Core/Types
Conjugation_originalType	KerML/Core/Types
Conjugation_owningType	KerML/Core/Types
ConnectionDefinition	SysML/Systems/Connections
ConnectionDefinition_connectionEnd	SysML/Systems/Connections
ConnectionUsage	SysML/Systems/Connections
ConnectionUsage_connectionDefinition	SysML/Systems/Connections
Connector	KerML/Kernel/Connectors
ConnectorAsUsage	SysML/Systems/Connections
Connector_association	KerML/Kernel/Connectors
Connector_connectorEnd	KerML/Kernel/Connectors
Connector_relatedFeature	KerML/Kernel/Connectors
Connector_sourceFeature	KerML/Kernel/Connectors
Connector_targetFeature	KerML/Kernel/Connectors
ConstraintDefinition	SysML/Systems/Constraints
ConstraintUsage	SysML/Systems/Constraints
ConstraintUsage_constraintDefinition	SysML/Systems/Constraints
ControlNode	SysML/Systems/Actions
DataType	KerML/Kernel/DataTypes
DecisionNode	SysML/Systems/Actions
Definition	SysML/Systems/DefinitionAndUsage
Definition_directedUsage	SysML/Systems/DefinitionAndUsage
Definition_isVariation	SysML/Systems/DefinitionAndUsage
Definition_ownedAction	SysML/Systems/DefinitionAndUsage
Definition_ownedAllocation	SysML/Systems/DefinitionAndUsage
Definition_ownedAnalysisCase	SysML/Systems/DefinitionAndUsage
Definition_ownedAttribute	SysML/Systems/DefinitionAndUsage
Definition_ownedCalculation	SysML/Systems/DefinitionAndUsage
Definition_ownedCase	SysML/Systems/DefinitionAndUsage
Definition_ownedConcern	SysML/Systems/DefinitionAndUsage
Definition_ownedConnection	SysML/Systems/DefinitionAndUsage
Definition_ownedConstraint	SysML/Systems/DefinitionAndUsage
Definition_ownedEnumeration	SysML/Systems/DefinitionAndUsage
Definition_ownedFlow	SysML/Systems/DefinitionAndUsage
Definition_ownedInterface	SysML/Systems/DefinitionAndUsage
Definition_ownedItem	SysML/Systems/DefinitionAndUsage
Definition_ownedMetadata	SysML/Systems/DefinitionAndUsage
Definition_ownedOccurrence	SysML/Systems/DefinitionAndUsage
Definition_ownedPart	SysML/Systems/DefinitionAndUsage
Definition_ownedPort	SysML/Systems/DefinitionAndUsage
Definition_ownedReference	SysML/Systems/DefinitionAndUsage
Definition_ownedRendering	SysML/Systems/DefinitionAndUsage
Definition_ownedRequirement	SysML/Systems/DefinitionAndUsage
Definition_ownedState	SysML/Systems/DefinitionAndUsage
Definition_ownedTransition	SysML/Systems/DefinitionAndUsage
Definition_ownedUsage	SysML/Systems/DefinitionAndUsage
Definition_ownedUseCase	SysML/Systems/DefinitionAndUsage
Definition_ownedVerificationCase	SysML/Systems/DefinitionAndUsage
Definition_ownedView	SysML/Systems/DefinitionAndUsage
Definition_ownedViewpoint	SysML/Systems/DefinitionAndUsage
Definition_usage	SysML/Systems/DefinitionAndUsage
Definition_variant	SysML/Systems/DefinitionAndUsage
Definition_variantMembership	SysML/Systems/DefinitionAndUsage
Dependency	KerML/Root/Dependencies
Dependency_client	KerML/Root/Dependencies
Dependency_supplier	KerML/Root/Dependencies
Differencing	KerML/Core/Types
Differencing_differencingType	KerML/Core/Types
Differencing_typeDifferenced	KerML/Core/Types
Disjoining	KerML/Core/Types
Disjoining_disjoiningType	KerML/Core/Types
Disjoining_owningType	KerML/Core/Types
Disjoining_typeDisjoined	KerML/Core/Types
Documentation	KerML/Root/Annotations
Documentation_documentedElement	KerML/Root/Annotations
Element	KerML/Root/Elements
ElementFilterMembership	KerML/Kernel/Packages
ElementFilterMembership_condition	KerML/Kernel/Packages
Element_aliasIds	KerML/Root/Elements
Element_declaredName	KerML/Root/Elements
Element_declaredShortName	KerML/Root/Elements
Element_documentation	KerML/Root/Elements
Element_elementId	KerML/Root/Elements
Element_isImpliedIncluded	KerML/Root/Elements
Element_isLibraryElement	KerML/Root/Elements
Element_name	KerML/Root/Elements
Element_ownedAnnotation	KerML/Root/Elements
Element_ownedElement	KerML/Root/Elements
Element_ownedRelationship	KerML/Root/Elements
Element_owner	KerML/Root/Elements
Element_owningMembership	KerML/Root/Elements
Element_owningNamespace	KerML/Root/Elements
Element_owningRelationship	KerML/Root/Elements
Element_qualifiedName	KerML/Root/Elements
Element_shortName	KerML/Root/Elements
Element_textualRepresentation	KerML/Root/Elements
EndFeatureMembership	KerML/Core/Features
EnumerationDefinition	SysML/Systems/Enumerations
EnumerationDefinition_enumeratedValue	SysML/Systems/Enumerations
EnumerationUsage	SysML/Systems/Enumerations
EnumerationUsage_enumerationDefinition	SysML/Systems/Enumerations
EventOccurrenceUsage	SysML/Systems/Occurrences
EventOccurrenceUsage_eventOccurrence	SysML/Systems/Occurrences
ExhibitStateUsage	SysML/Systems/States
ExhibitStateUsage_exhibitedState	SysML/Systems/States
Expose	SysML/Systems/Views
Expression	KerML/Kernel/Functions
Expression_function	KerML/Kernel/Functions
Expression_isModelLevelEvaluable	KerML/Kernel/Functions
Expression_result	KerML/Kernel/Functions
Feature	KerML/Core/Features
FeatureChainExpression	KerML/Kernel/Expressions
FeatureChainExpression_targetFeature	KerML/Kernel/Expressions
FeatureChaining	KerML/Core/Features
FeatureChaining_chainingFeature	KerML/Core/Features
FeatureChaining_featureChained	KerML/Core/Features
FeatureDirectionKind	KerML/Core/Types
FeatureInverting	KerML/Core/Features
FeatureInverting_featureInverted	KerML/Core/Features
FeatureInverting_invertingFeature	KerML/Core/Features
FeatureInverting_owningFeature	KerML/Core/Features
FeatureMembership	KerML/Core/Types
FeatureMembership_ownedMemberFeature	KerML/Core/Types
FeatureMembership_owningType	KerML/Core/Types
FeatureReferenceExpression	KerML/Kernel/Expressions
FeatureReferenceExpression_referent	KerML/Kernel/Expressions
FeatureTyping	KerML/Core/Features
FeatureTyping_owningFeature	KerML/Core/Features
FeatureTyping_type	KerML/Core/Features
FeatureTyping_typedFeature	KerML/Core/Features
FeatureValue	KerML/Kernel/FeatureValues
FeatureValue_featureWithValue	KerML/Kernel/FeatureValues
FeatureValue_isDefault	KerML/Kernel/FeatureValues
FeatureValue_isInitial	KerML/Kernel/FeatureValues
FeatureValue_value	KerML/Kernel/FeatureValues
Feature_chainingFeature	KerML/Core/Features
Feature_direction	KerML/Core/Features
Feature_endOwningType	KerML/Core/Features
Feature_featureTarget	KerML/Core/Features
Feature_featuringType	KerML/Core/Features
Feature_isComposite	KerML/Core/Features
Feature_isDerived	KerML/Core/Features
Feature_isEnd	KerML/Core/Features
Feature_isNonunique	KerML/Core/Features
Feature_isOrdered	KerML/Core/Features
Feature_isPortion	KerML/Core/Features
Feature_isReadOnly	KerML/Core/Features
Feature_isUnique	KerML/Core/Features
Feature_ownedFeatureChaining	KerML/Core/Features
Feature_ownedFeatureInverting	KerML/Core/Features
Feature_ownedRedefinition	KerML/Core/Features
Feature_ownedReferenceSubsetting	KerML/Core/Features
Feature_ownedSubsetting	KerML/Core/Features
Feature_ownedTypeFeaturing	KerML/Core/Features
Feature_ownedTyping	KerML/Core/Features
Feature_owningFeatureMembership	KerML/Core/Features
Feature_owningType	KerML/Core/Features
Feature_type	KerML/Core/Features
Featuring	KerML/Core/Features
Featuring_feature	KerML/Core/Features
Featuring_type	KerML/Core/Features
FlowConnectionDefinition	SysML/Systems/Connections
FlowConnectionUsage	SysML/Systems/Connections
FlowConnectionUsage_flowConnectionDefinition	SysML/Systems/Connections
ForLoopActionUsage	SysML/Systems/Actions
ForLoopActionUsage_loopVariable	SysML/Systems/Actions
ForLoopActionUsage_seqArgument	SysML/Systems/Actions
ForkNode	SysML/Systems/Actions
FramedConcernMembership	SysML/Systems/Requirements
FramedConcernMembership_ownedConcern	SysML/Systems/Requirements
FramedConcernMembership_referencedConcern	SysML/Systems/Requirements
Function	KerML/Kernel/Functions
Function_expression	KerML/Kernel/Functions
Function_isModelLevelEvaluable	KerML/Kernel/Functions
Function_result	KerML/Kernel/Functions
IfActionUsage	SysML/Systems/Actions
IfActionUsage_elseAction	SysML/Systems/Actions
IfActionUsage_ifArgument	SysML/Systems/Actions
IfActionUsage_thenAction	SysML/Systems/Actions
Import	KerML/Root/Namespaces
Import_importOwningNamespace	KerML/Root/Namespaces
Import_importedElement	KerML/Root/Namespaces
Import_isImportAll	KerML/Root/Namespaces
Import_isRecursive	KerML/Root/Namespaces
Import_visibility	KerML/Root/Namespaces
IncludeUseCaseUsage	SysML/Systems/UseCases
IncludeUseCaseUsage_useCaseIncluded	SysML/Systems/UseCases
Interaction	KerML/Kernel/Interactions
InterfaceDefinition	SysML/Systems/Interfaces
InterfaceDefinition_interfaceEnd	SysML/Systems/Interfaces
InterfaceUsage	SysML/Systems/Interfaces
InterfaceUsage_interfaceDefinition	SysML/Systems/Interfaces
Intersecting	KerML/Core/Types
Intersecting_intersectingType	KerML/Core/Types
Intersecting_typeIntersected	KerML/Core/Types
Invariant	KerML/Kernel/Functions
Invariant_isNegated	KerML/Kernel/Functions
InvocationExpression	KerML/Kernel/Expressions
InvocationExpression_argument	KerML/Kernel/Expressions
InvocationExpression_operand	KerML/Kernel/Expressions
ItemDefinition	SysML/Systems/Items
ItemFeature	KerML/Kernel/Interactions
ItemFlow	KerML/Kernel/Interactions
ItemFlowEnd	KerML/Kernel/Interactions
ItemFlow_interaction	KerML/Kernel/Interactions
ItemFlow_itemFeature	KerML/Kernel/Interactions
ItemFlow_itemFlowEnd	KerML/Kernel/Interactions
ItemFlow_itemType	KerML/Kernel/Interactions
ItemFlow_sourceOutputFeature	KerML/Kernel/Interactions
ItemFlow_targetInputFeature	KerML/Kernel/Interactions
ItemUsage	SysML/Systems/Items
ItemUsage_itemDefinition	SysML/Systems/Items
JoinNode	SysML/Systems/Actions
LibraryPackage	KerML/Kernel/Packages
LibraryPackage_isStandard	KerML/Kernel/Packages
LifeClass	SysML/Systems/Occurrences
LiteralBoolean	KerML/Kernel/Expressions
LiteralBoolean_value	KerML/Kernel/Expressions
LiteralExpression	KerML/Kernel/Expressions
LiteralInfinity	KerML/Kernel/Expressions
LiteralInteger	KerML/Kernel/Expressions
LiteralInteger_value	KerML/Kernel/Expressions
LiteralRational	KerML/Kernel/Expressions
LiteralRational_value	KerML/Kernel/Expressions
LiteralString	KerML/Kernel/Expressions
LiteralString_value	KerML/Kernel/Expressions
LoopActionUsage	SysML/Systems/Actions
LoopActionUsage_bodyAction	SysML/Systems/Actions
Membership	KerML/Root/Namespaces
MembershipExpose	SysML/Systems/Views
MembershipImport	KerML/Root/Namespaces
MembershipImport_importedMembership	KerML/Root/Namespaces
Membership_memberElement	KerML/Root/Namespaces
Membership_memberElementId	KerML/Root/Namespaces
Membership_memberName	KerML/Root/Namespaces
Membership_memberShortName	KerML/Root/Namespaces
Membership_membershipOwningNamespace	KerML/Root/Namespaces
Membership_visibility	KerML/Root/Namespaces
MergeNode	SysML/Systems/Actions
Metaclass	KerML/Kernel/Metadata
MetadataAccessExpression	KerML/Kernel/Expressions
MetadataAccessExpression_referencedElement	KerML/Kernel/Expressions
MetadataDefinition	SysML/Systems/Metadata
MetadataFeature	KerML/Kernel/Metadata
MetadataFeature_metaclass	KerML/Kernel/Metadata
MetadataUsage	SysML/Systems/Metadata
MetadataUsage_metadataDefinition	SysML/Systems/Metadata
Multiplicity	KerML/Core/Types
MultiplicityRange	KerML/Kernel/Multiplicities
MultiplicityRange_bound	KerML/Kernel/Multiplicities
MultiplicityRange_lowerBound	KerML/Kernel/Multiplicities
MultiplicityRange_upperBound	KerML/Kernel/Multiplicities
Namespace	KerML/Root/Namespaces
NamespaceExpose	SysML/Systems/Views
NamespaceImport	KerML/Root/Namespaces
NamespaceImport_importedNamespace	KerML/Root/Namespaces
Namespace_importedMembership	KerML/Root/Namespaces
Namespace_member	KerML/Root/Namespaces
Namespace_membership	KerML/Root/Namespaces
Namespace_ownedImport	KerML/Root/Namespaces
Namespace_ownedMember	KerML/Root/Namespaces
Namespace_ownedMembership	KerML/Root/Namespaces
NullExpression	KerML/Kernel/Expressions
ObjectiveMembership	SysML/Systems/Cases
ObjectiveMembership_ownedObjectiveRequirement	SysML/Systems/Cases
OccurrenceDefinition	SysML/Systems/Occurrences
OccurrenceDefinition_isIndividual	SysML/Systems/Occurrences
OccurrenceDefinition_lifeClass	SysML/Systems/Occurrences
OccurrenceUsage	SysML/Systems/Occurrences
OccurrenceUsage_individualDefinition	SysML/Systems/Occurrences
OccurrenceUsage_isIndividual	SysML/Systems/Occurrences
OccurrenceUsage_occurrenceDefinition	SysML/Systems/Occurrences
OccurrenceUsage_portionKind	SysML/Systems/Occurrences
OperatorExpression	KerML/Kernel/Expressions
OperatorExpression_operator	KerML/Kernel/Expressions
OwningMembership	KerML/Root/Namespaces
OwningMembership_ownedMemberElement	KerML/Root/Namespaces
OwningMembership_ownedMemberElementId	KerML/Root/Namespaces
OwningMembership_ownedMemberName	KerML/Root/Namespaces
OwningMembership_ownedMemberShortName	KerML/Root/Namespaces
Package	KerML/Kernel/Packages
Package_filterCondition	KerML/Kernel/Packages
ParameterMembership	KerML/Kernel/Behaviors
ParameterMembership_ownedMemberParameter	KerML/Kernel/Behaviors
PartDefinition	SysML/Systems/Parts
PartUsage	SysML/Systems/Parts
PartUsage_partDefinition	SysML/Systems/Parts
PerformActionUsage	SysML/Systems/Actions
PerformActionUsage_performedAction	SysML/Systems/Actions
PortConjugation	SysML/Systems/Ports
PortConjugation_conjugatedPortDefinition	SysML/Systems/Ports
PortConjugation_originalPortDefinition	SysML/Systems/Ports
PortDefinition	SysML/Systems/Ports
PortDefinition_conjugatedPortDefinition	SysML/Systems/Ports
PortUsage	SysML/Systems/Ports
PortUsage_portDefinition	SysML/Systems/Ports
PortionKind	SysML/Systems/Occurrences
Predicate	KerML/Kernel/Functions
Redefinition	KerML/Core/Features
Redefinition_redefinedFeature	KerML/Core/Features
Redefinition_redefiningFeature	KerML/Core/Features
ReferenceSubsetting	KerML/Core/Features
ReferenceSubsetting_referencedFeature	KerML/Core/Features
ReferenceSubsetting_referencingFeature	KerML/Core/Features
ReferenceUsage	SysML/Systems/DefinitionAndUsage
Relationship	KerML/Root/Elements
Relationship_isImplied	KerML/Root/Elements
Relationship_ownedRelatedElement	KerML/Root/Elements
Relationship_owningRelatedElement	KerML/Root/Elements
Relationship_relatedElement	KerML/Root/Elements
Relationship_source	KerML/Root/Elements
Relationship_target	KerML/Root/Elements
RenderingDefinition	SysML/Systems/Views
RenderingDefinition_rendering	SysML/Systems/Views
RenderingUsage	SysML/Systems/Views
RenderingUsage_renderingDefinition	SysML/Systems/Views
RequirementConstraintKind	SysML/Systems/Requirements
RequirementConstraintMembership	SysML/Systems/Requirements
RequirementConstraintMembership_kind	SysML/Systems/Requirements
RequirementConstraintMembership_ownedConstraint	SysML/Systems/Requirements
RequirementConstraintMembership_referencedConstraint	SysML/Systems/Requirements
RequirementDefinition	SysML/Systems/Requirements
RequirementDefinition_actorParameter	SysML/Systems/Requirements
RequirementDefinition_assumedConstraint	SysML/Systems/Requirements
RequirementDefinition_framedConcern	SysML/Systems/Requirements
RequirementDefinition_reqId	SysML/Systems/Requirements
RequirementDefinition_requiredConstraint	SysML/Systems/Requirements
RequirementDefinition_stakeholderParameter	SysML/Systems/Requirements
RequirementDefinition_subjectParameter	SysML/Systems/Requirements
RequirementDefinition_text	SysML/Systems/Requirements
RequirementUsage	SysML/Systems/Requirements
RequirementUsage_actorParameter	SysML/Systems/Requirements
RequirementUsage_assumedConstraint	SysML/Systems/Requirements
RequirementUsage_framedConcern	SysML/Systems/Requirements
RequirementUsage_reqId	SysML/Systems/Requirements
RequirementUsage_requiredConstraint	SysML/Systems/Requirements
RequirementUsage_requirementDefinition	SysML/Systems/Requirements
RequirementUsage_stakeholderParameter	SysML/Systems/Requirements
RequirementUsage_subjectParameter	SysML/Systems/Requirements
RequirementUsage_text	SysML/Systems/Requirements
RequirementVerificationMembership	SysML/Systems/VerificationCases
RequirementVerificationMembership_ownedRequirement	SysML/Systems/VerificationCases
RequirementVerificationMembership_verifiedRequirement	SysML/Systems/VerificationCases
ResultExpressionMembership	KerML/Kernel/Functions
ResultExpressionMembership_ownedResultExpression	KerML/Kernel/Functions
ReturnParameterMembership	KerML/Kernel/Functions
SatisfyRequirementUsage	SysML/Systems/Requirements
SatisfyRequirementUsage_satisfiedRequirement	SysML/Systems/Requirements
SatisfyRequirementUsage_satisfyingFeature	SysML/Systems/Requirements
SelectExpression	KerML/Kernel/Expressions
SendActionUsage	SysML/Systems/Actions
SendActionUsage_payloadArgument	SysML/Systems/Actions
SendActionUsage_receiverArgument	SysML/Systems/Actions
SendActionUsage_senderArgument	SysML/Systems/Actions
Specialization	KerML/Core/Types
Specialization_general	KerML/Core/Types
Specialization_owningType	KerML/Core/Types
Specialization_specific	KerML/Core/Types
StakeholderMembership	SysML/Systems/Requirements
StakeholderMembership_ownedStakeholderParameter	SysML/Systems/Requirements
StateDefinition	SysML/Systems/States
StateDefinition_doAction	SysML/Systems/States
StateDefinition_entryAction	SysML/Systems/States
StateDefinition_exitAction	SysML/Systems/States
StateDefinition_isParallel	SysML/Systems/States
StateDefinition_state	SysML/Systems/States
StateSubactionKind	SysML/Systems/States
StateSubactionMembership	SysML/Systems/States
StateSubactionMembership_action	SysML/Systems/States
StateSubactionMembership_kind	SysML/Systems/States
StateUsage	SysML/Systems/States
StateUsage_doAction	SysML/Systems/States
StateUsage_entryAction	SysML/Systems/States
StateUsage_exitAction	SysML/Systems/States
StateUsage_isParallel	SysML/Systems/States
StateUsage_stateDefinition	SysML/Systems/States
Step	KerML/Kernel/Behaviors
Step_behavior	KerML/Kernel/Behaviors
Step_parameter	KerML/Kernel/Behaviors
Structure	KerML/Kernel/Structures
Subclassification	KerML/Core/Classifiers
Subclassification_owningClassifier	KerML/Core/Classifiers
Subclassification_subclassifier	KerML/Core/Classifiers
Subclassification_superclassifier	KerML/Core/Classifiers
SubjectMembership	SysML/Systems/Requirements
SubjectMembership_ownedSubjectParameter	SysML/Systems/Requirements
Subsetting	KerML/Core/Features
Subsetting_owningFeature	KerML/Core/Features
Subsetting_subsettedFeature	KerML/Core/Features
Subsetting_subsettingFeature	KerML/Core/Features
Succession	KerML/Kernel/Connectors
SuccessionAsUsage	SysML/Systems/Connections
SuccessionFlowConnectionUsage	SysML/Systems/Connections
SuccessionItemFlow	KerML/Kernel/Interactions
Succession_effectStep	KerML/Kernel/Connectors
Succession_guardExpression	KerML/Kernel/Connectors
Succession_transitionStep	KerML/Kernel/Connectors
Succession_triggerStep	KerML/Kernel/Connectors
TextualRepresentation	KerML/Root/Annotations
TextualRepresentation_body	KerML/Root/Annotations
TextualRepresentation_language	KerML/Root/Annotations
TextualRepresentation_representedElement	KerML/Root/Annotations
TransitionFeatureKind	SysML/Systems/States
TransitionFeatureMembership	SysML/Systems/States
TransitionFeatureMembership_kind	SysML/Systems/States
TransitionFeatureMembership_transitionFeature	SysML/Systems/States
TransitionUsage	SysML/Systems/States
TransitionUsage_effectAction	SysML/Systems/States
TransitionUsage_guardExpression	SysML/Systems/States
TransitionUsage_source	SysML/Systems/States
TransitionUsage_succession	SysML/Systems/States
TransitionUsage_target	SysML/Systems/States
TransitionUsage_triggerAction	SysML/Systems/States
TriggerInvocationExpression	SysML/Systems/Actions
TriggerInvocationExpression_kind	SysML/Systems/Actions
TriggerKind	SysML/Systems/Actions
Type	KerML/Core/Types
TypeFeaturing	KerML/Core/Features
TypeFeaturing_featureOfType	KerML/Core/Features
TypeFeaturing_featuringType	KerML/Core/Features
TypeFeaturing_owningFeatureOfType	KerML/Core/Features
Type_differencingType	KerML/Core/Types
Type_directedFeature	KerML/Core/Types
Type_endFeature	KerML/Core/Types
Type_feature	KerML/Core/Types
Type_featureMembership	KerML/Core/Types
Type_inheritedFeature	KerML/Core/Types
Type_inheritedMembership	KerML/Core/Types
Type_input	KerML/Core/Types
Type_intersectingType	KerML/Core/Types
Type_isAbstract	KerML/Core/Types
Type_isConjugated	KerML/Core/Types
Type_isSufficient	KerML/Core/Types
Type_multiplicity	KerML/Core/Types
Type_output	KerML/Core/Types
Type_ownedConjugator	KerML/Core/Types
Type_ownedDifferencing	KerML/Core/Types
Type_ownedDisjoining	KerML/Core/Types
Type_ownedEndFeature	KerML/Core/Types
Type_ownedFeature	KerML/Core/Types
Type_ownedFeatureMembership	KerML/Core/Types
Type_ownedIntersecting	KerML/Core/Types
Type_ownedSpecialization	KerML/Core/Types
Type_ownedUnioning	KerML/Core/Types
Type_unioningType	KerML/Core/Types
Unioning	KerML/Core/Types
Unioning_typeUnioned	KerML/Core/Types
Unioning_unioningType	KerML/Core/Types
Usage	SysML/Systems/DefinitionAndUsage
Usage_definition	SysML/Systems/DefinitionAndUsage
Usage_directedUsage	SysML/Systems/DefinitionAndUsage
Usage_isReference	SysML/Systems/DefinitionAndUsage
Usage_isVariation	SysML/Systems/DefinitionAndUsage
Usage_nestedAction	SysML/Systems/DefinitionAndUsage
Usage_nestedAllocation	SysML/Systems/DefinitionAndUsage
Usage_nestedAnalysisCase	SysML/Systems/DefinitionAndUsage
Usage_nestedAttribute	SysML/Systems/DefinitionAndUsage
Usage_nestedCalculation	SysML/Systems/DefinitionAndUsage
Usage_nestedCase	SysML/Systems/DefinitionAndUsage
Usage_nestedConcern	SysML/Systems/DefinitionAndUsage
Usage_nestedConnection	SysML/Systems/DefinitionAndUsage
Usage_nestedConstraint	SysML/Systems/DefinitionAndUsage
Usage_nestedEnumeration	SysML/Systems/DefinitionAndUsage
Usage_nestedFlow	SysML/Systems/DefinitionAndUsage
Usage_nestedInterface	SysML/Systems/DefinitionAndUsage
Usage_nestedItem	SysML/Systems/DefinitionAndUsage
Usage_nestedMetadata	SysML/Systems/DefinitionAndUsage
Usage_nestedOccurrence	SysML/Systems/DefinitionAndUsage
Usage_nestedPart	SysML/Systems/DefinitionAndUsage
Usage_nestedPort	SysML/Systems/DefinitionAndUsage
Usage_nestedReference	SysML/Systems/DefinitionAndUsage
Usage_nestedRendering	SysML/Systems/DefinitionAndUsage
Usage_nestedRequirement	SysML/Systems/DefinitionAndUsage
Usage_nestedState	SysML/Systems/DefinitionAndUsage
Usage_nestedTransition	SysML/Systems/DefinitionAndUsage
Usage_nestedUsage	SysML/Systems/DefinitionAndUsage
Usage_nestedUseCase	SysML/Systems/DefinitionAndUsage
Usage_nestedVerificationCase	SysML/Systems/DefinitionAndUsage
Usage_nestedView	SysML/Systems/DefinitionAndUsage
Usage_nestedViewpoint	SysML/Systems/DefinitionAndUsage
Usage_owningDefinition	SysML/Systems/DefinitionAndUsage
Usage_owningUsage	SysML/Systems/DefinitionAndUsage
Usage_usage	SysML/Systems/DefinitionAndUsage
Usage_variant	SysML/Systems/DefinitionAndUsage
Usage_variantMembership	SysML/Systems/DefinitionAndUsage
UseCaseDefinition	SysML/Systems/UseCases
UseCaseDefinition_includedUseCase	SysML/Systems/UseCases
UseCaseUsage	SysML/Systems/UseCases
UseCaseUsage_includedUseCase	SysML/Systems/UseCases
UseCaseUsage_useCaseDefinition	SysML/Systems/UseCases
VariantMembership	SysML/Systems/DefinitionAndUsage
VariantMembership_ownedVariantUsage	SysML/Systems/DefinitionAndUsage
VerificationCaseDefinition	SysML/Systems/VerificationCases
VerificationCaseDefinition_verifiedRequirement	SysML/Systems/VerificationCases
VerificationCaseUsage	SysML/Systems/VerificationCases
VerificationCaseUsage_verificationCaseDefinition	SysML/Systems/VerificationCases
VerificationCaseUsage_verifiedRequirement	SysML/Systems/VerificationCases
ViewDefinition	SysML/Systems/Views
ViewDefinition_satisfiedViewpoint	SysML/Systems/Views
ViewDefinition_view	SysML/Systems/Views
ViewDefinition_viewCondition	SysML/Systems/Views
ViewDefinition_viewRendering	SysML/Systems/Views
ViewRenderingMembership	SysML/Systems/Views
ViewRenderingMembership_ownedRendering	SysML/Systems/Views
ViewRenderingMembership_referencedRendering	SysML/Systems/Views
ViewUsage	SysML/Systems/Views
ViewUsage_exposedElement	SysML/Systems/Views
ViewUsage_satisfiedViewpoint	SysML/Systems/Views
ViewUsage_viewCondition	SysML/Systems/Views
ViewUsage_viewDefinition	SysML/Systems/Views
ViewUsage_viewRendering	SysML/Systems/Views
ViewpointDefinition	SysML/Systems/Views
ViewpointDefinition_viewpointStakeholder	SysML/Systems/Views
ViewpointUsage	SysML/Systems/Views
ViewpointUsage_viewpointDefinition	SysML/Systems/Views
ViewpointUsage_viewpointStakeholder	SysML/Systems/Views
VisibilityKind	KerML/Root/Namespaces
WhileLoopActionUsage	SysML/Systems/Actions
WhileLoopActionUsage_untilArgument	SysML/Systems/Actions
WhileLoopActionUsage_whileArgument	SysML/Systems/Actions
